repository_owner,repository_uri,overall_score,quality_score,maintainability_score,popularity_score,style_errors_per_nloc,security_notes_per_nloc,security_warnings_per_nloc,security_errors_per_nloc,subscribers_count_by_age,stargazers_count_by_age,forks_count_by_age,average_cyclomatic_complexity_for_repo_pct
StarRocks_starrocks,https://github.com/StarRocks/starrocks,83.54,99.11,70.07,81.44,0.003,0.004,0.0,0.0,0.55,16.0,3.03,2.32
ApolloAuto_apollo,https://github.com/ApolloAuto/apollo,78.98,99.04,45.98,91.92,0.001,0.002,0.0,0.001,0.67,12.13,4.87,2.06
Qv2ray_Qv2ray,https://github.com/Qv2ray/Qv2ray,66.18,98.09,38.88,61.56,0.021,0.001,0.0,0.0,0.27,13.94,2.79,2.43
carla-simulator_carla,https://github.com/carla-simulator/carla,57.38,98.12,47.54,26.49,0.023,0.001,0.0,0.0,0.15,4.62,1.38,1.64
rethinkdb_rethinkdb,https://github.com/rethinkdb/rethinkdb,56.34,99.33,38.37,31.34,0.003,0.002,0.0,0.0,0.24,7.52,0.55,1.81
root-project_root,https://github.com/root-project/root,56.07,98.19,64.83,5.2,0.017,0.004,0.0,0.0,0.04,0.52,0.32,2.38
facebook_hhvm,https://github.com/facebook/hhvm,54.4,98.93,39.56,24.71,0.006,0.003,0.0,0.0,0.24,3.92,0.68,2.53
KratosMultiphysics_Kratos,https://github.com/KratosMultiphysics/Kratos,53.34,98.12,59.09,2.8,0.022,0.002,0.0,0.0,0.03,0.36,0.09,1.68
llvm_torch-mlir,https://github.com/llvm/torch-mlir,52.69,98.4,36.4,23.26,0.015,0.0,0.0,0.0,0.43,0.53,0.12,3.13
microsoft_AdaptiveCards,https://github.com/microsoft/AdaptiveCards,52.3,95.06,56.59,5.25,0.072,0.0,0.0,0.0,0.05,0.6,0.23,1.32
minetest_minetest,https://github.com/minetest/minetest,52.07,98.6,47.51,10.09,0.013,0.002,0.0,0.0,0.08,1.71,0.38,2.19
haoel_leetcode,https://github.com/haoel/leetcode,51.66,81.5,30.35,43.11,0.078,0.011,0.004,0.0,0.38,5.92,1.74,6.85
liuruoze_EasyPR,https://github.com/liuruoze/EasyPR,50.98,96.84,35.03,21.08,0.029,0.004,0.0,0.001,0.2,2.28,0.94,3.4
4ian_GDevelop,https://github.com/4ian/GDevelop,50.62,98.81,46.41,6.64,0.013,0.001,0.0,0.0,0.06,1.19,0.18,1.43
apache_trafficserver,https://github.com/apache/trafficserver,50.27,98.24,48.89,3.69,0.003,0.011,0.0,0.001,0.04,0.32,0.16,2.83
rism-digital_verovio,https://github.com/rism-digital/verovio,50.14,98.48,50.36,1.59,0.019,0.002,0.0,0.0,0.02,0.15,0.05,0.85
benhoyt_protothreads-cpp,https://github.com/benhoyt/protothreads-cpp,50.03,98.51,51.01,0.59,0.023,0.0,0.0,0.0,0.01,0.04,0.01,0.0
tensorflow_serving,https://github.com/tensorflow/serving,50.0,98.43,34.46,17.12,0.001,0.001,0.0,0.003,0.11,2.46,0.96,1.77
VowpalWabbit_vowpal_wabbit,https://github.com/VowpalWabbit/vowpal_wabbit,50.0,98.79,41.02,10.2,0.007,0.003,0.0,0.0,0.08,1.73,0.39,2.91
vmware_concord-bft,https://github.com/vmware/concord-bft,49.58,98.96,47.15,2.64,0.007,0.004,0.0,0.0,0.03,0.25,0.1,1.79
google_perfetto,https://github.com/google/perfetto,49.49,96.47,46.32,5.67,0.001,0.003,0.001,0.0,0.05,1.03,0.16,2.15
mikalhart_TinyGPS,https://github.com/mikalhart/TinyGPS,49.39,99.18,47.34,1.64,0.01,0.002,0.0,0.0,0.02,0.11,0.07,0.26
Phyronnaz_HLSLMaterial,https://github.com/Phyronnaz/HLSLMaterial,49.38,93.07,32.31,22.75,0.103,0.0,0.0,0.0,0.25,3.89,0.33,1.21
google_sentencepiece,https://github.com/google/sentencepiece,49.14,99.34,35.54,12.53,0.003,0.001,0.0,0.0,0.06,3.16,0.44,2.04
vizzuhq_vizzu-lib,https://github.com/vizzuhq/vizzu-lib,49.12,94.45,38.12,14.79,0.078,0.0,0.0,0.0,0.06,5.16,0.16,2.45
KDE_krita,https://github.com/KDE/krita,48.87,98.54,40.31,7.75,0.016,0.002,0.0,0.0,0.07,1.55,0.16,1.51
mathertel_OneButton,https://github.com/mathertel/OneButton,48.86,99.61,45.22,1.74,0.006,0.0,0.0,0.0,0.02,0.19,0.06,0.0
pytorch_ELF,https://github.com/pytorch/ELF,48.72,98.61,32.74,14.83,0.006,0.004,0.0,0.001,0.14,2.42,0.42,2.04
argman_EAST,https://github.com/argman/EAST,48.47,98.64,35.36,11.43,0.011,0.001,0.0,0.0,0.07,1.74,0.64,2.96
WebAssembly_wabt,https://github.com/WebAssembly/wabt,48.44,99.15,37.61,8.55,0.004,0.004,0.0,0.0,0.07,1.77,0.21,1.79
JoeyDeVries_LearnOpenGL,https://github.com/JoeyDeVries/LearnOpenGL,48.41,98.7,30.29,16.24,0.011,0.001,0.0,0.0,0.11,2.63,0.78,2.64
Vector35_binaryninja-api,https://github.com/Vector35/binaryninja-api,48.17,98.35,44.32,1.82,0.018,0.004,0.0,0.0,0.02,0.23,0.06,1.23
GuitarML_NeuralPi,https://github.com/GuitarML/NeuralPi,48.1,99.01,32.9,12.38,0.009,0.001,0.0,0.0,0.12,2.71,0.12,1.74
Tencent_phxsql,https://github.com/Tencent/phxsql,48.06,98.14,34.45,11.59,0.008,0.008,0.0,0.001,0.14,1.26,0.3,2.57
panda3d_panda3d,https://github.com/panda3d/panda3d,48.01,99.0,38.5,6.54,0.008,0.002,0.0,0.0,0.06,1.01,0.22,1.81
KDE_calligra,https://github.com/KDE/calligra,47.98,98.38,45.44,0.11,0.018,0.002,0.0,0.0,0.0,0.05,0.01,1.66
numworks_epsilon,https://github.com/numworks/epsilon,47.91,98.07,40.91,4.76,0.018,0.004,0.0,0.0,0.03,0.84,0.23,2.66
tuplex_tuplex,https://github.com/tuplex/tuplex,47.91,95.47,33.96,14.29,0.059,0.004,0.0,0.0,0.09,4.11,0.19,2.32
su2code_SU2,https://github.com/su2code/SU2,47.9,98.14,40.6,4.95,0.0,0.007,0.0,0.002,0.06,0.28,0.21,3.62
MFatihMAR_Game-Networking-Resources,https://github.com/MFatihMAR/Game-Networking-Resources,47.72,93.51,35.58,14.07,0.1,0.0,0.0,0.0,0.13,2.95,0.22,0.0
cmdbug_YOLOv5_NCNN,https://github.com/cmdbug/YOLOv5_NCNN,47.7,98.71,36.74,7.67,0.014,0.001,0.0,0.0,0.04,1.57,0.36,1.62
NVIDIAGameWorks_nvrhi,https://github.com/NVIDIAGameWorks/nvrhi,47.45,98.62,31.59,12.14,0.008,0.002,0.0,0.0,0.15,1.78,0.15,3.7
mitsuba-renderer_mitsuba2,https://github.com/mitsuba-renderer/mitsuba2,47.42,98.94,34.07,9.24,0.006,0.003,0.0,0.0,0.07,1.97,0.25,2.49
facebookresearch_habitat-sim,https://github.com/facebookresearch/habitat-sim,47.41,96.78,38.64,6.81,0.04,0.003,0.0,0.0,0.05,1.28,0.25,2.23
heremaps_gluecodium,https://github.com/heremaps/gluecodium,47.37,98.24,43.16,0.71,0.025,0.0,0.0,0.0,0.01,0.1,0.01,0.66
ananevilia_Arduino-ST7789-Library,https://github.com/ananevilia/Arduino-ST7789-Library,47.26,97.6,43.88,0.31,0.037,0.0,0.0,0.0,0.0,0.08,0.03,0.0
vshymanskyy_TinyGSM,https://github.com/vshymanskyy/TinyGSM,47.24,99.04,37.38,5.32,0.002,0.009,0.0,0.0,0.04,0.74,0.27,1.57
urho3d_Urho3D,https://github.com/urho3d/Urho3D,47.09,96.26,35.85,9.15,0.045,0.004,0.0,0.0,0.09,1.25,0.31,2.94
lemmingDev_ESP32-BLE-Gamepad,https://github.com/lemmingDev/ESP32-BLE-Gamepad,46.93,95.21,43.28,2.32,0.072,0.002,0.0,0.0,0.02,0.4,0.08,0.0
vectorclass_version2,https://github.com/vectorclass/version2,46.92,98.81,37.03,4.9,0.016,0.0,0.0,0.0,0.05,0.86,0.1,0.74
MHeironimus_ArduinoJoystickLibrary,https://github.com/MHeironimus/ArduinoJoystickLibrary,46.88,98.25,37.7,4.67,0.021,0.002,0.0,0.0,0.05,0.62,0.14,1.34
nathanRamaNoodles_Noodle-Synth,https://github.com/nathanRamaNoodles/Noodle-Synth,46.8,96.83,42.89,0.67,0.048,0.001,0.0,0.0,0.01,0.08,0.01,0.0
cycfi_artist,https://github.com/cycfi/artist,46.77,98.79,40.02,1.51,0.015,0.001,0.0,0.0,0.02,0.21,0.02,0.89
thomasfredericks_Bounce2,https://github.com/thomasfredericks/Bounce2,46.65,97.39,40.97,1.59,0.021,0.017,0.0,0.0,0.02,0.15,0.05,1.34
f1xpl_openauto,https://github.com/f1xpl/openauto,46.63,95.68,32.74,11.45,0.057,0.007,0.0,0.0,0.14,1.36,0.25,1.06
LX3JL_xlxd,https://github.com/LX3JL/xlxd,46.59,97.99,40.46,1.31,0.009,0.012,0.0,0.001,0.02,0.05,0.04,1.85
EOSIO_eosio.contracts,https://github.com/EOSIO/eosio.contracts,46.56,98.95,35.13,5.61,0.012,0.001,0.0,0.0,0.06,0.24,0.32,1.06
netwarm007_GameEngineFromScratch,https://github.com/netwarm007/GameEngineFromScratch,46.55,98.53,34.8,6.31,0.013,0.002,0.0,0.0,0.08,0.72,0.13,2.53
souffle-lang_souffle,https://github.com/souffle-lang/souffle,46.49,95.92,41.6,1.94,0.003,0.004,0.001,0.001,0.02,0.25,0.07,2.15
gaoxiang12_slambook2,https://github.com/gaoxiang12/slambook2,46.49,97.19,29.72,12.56,0.024,0.008,0.0,0.0,0.05,1.97,0.88,3.94
google_spherical-harmonics,https://github.com/google/spherical-harmonics,46.47,99.67,38.75,1.0,0.003,0.0,0.0,0.0,0.01,0.17,0.03,0.66
leoetlino_project-restoration,https://github.com/leoetlino/project-restoration,46.42,99.24,37.23,2.81,0.006,0.0,0.0,0.0,0.03,0.56,0.03,1.85
baidu_bigflow,https://github.com/baidu/bigflow,46.4,99.4,35.07,4.72,0.005,0.001,0.0,0.0,0.05,0.74,0.11,1.09
xtensor-stack_xsimd,https://github.com/xtensor-stack/xsimd,46.38,98.96,37.06,3.1,0.011,0.001,0.0,0.0,0.03,0.57,0.07,1.32
InsightSoftwareConsortium_ITK,https://github.com/InsightSoftwareConsortium/ITK,46.36,97.4,39.38,2.3,0.022,0.004,0.0,0.0,0.02,0.23,0.13,4.68
amule-project_amule,https://github.com/amule-project/amule,46.34,98.04,38.28,2.71,0.02,0.003,0.0,0.0,0.03,0.35,0.08,2.43
intel_intel-graphics-compiler,https://github.com/intel/intel-graphics-compiler,46.34,99.16,36.9,2.95,0.006,0.001,0.0,0.0,0.04,0.26,0.07,1.98
iwatake2222_self-driving-ish_computer_vision_system,https://github.com/iwatake2222/self-driving-ish_computer_vision_system,46.33,97.12,33.36,8.51,0.012,0.011,0.0,0.002,0.07,1.49,0.29,3.68
ztsec_xtp_api_python,https://github.com/ztsec/xtp_api_python,46.31,94.59,42.39,1.95,0.079,0.002,0.0,0.0,0.02,0.19,0.09,0.83
Nadrin_PBR,https://github.com/Nadrin/PBR,46.29,99.13,37.36,2.38,0.009,0.002,0.0,0.0,0.02,0.53,0.05,0.83
spalx_cocos2d-x-extensions,https://github.com/spalx/cocos2d-x-extensions,46.26,97.62,40.99,0.16,0.033,0.0,0.0,0.0,0.0,0.04,0.02,1.21
smrtnt_Itead_Sonoff,https://github.com/smrtnt/Itead_Sonoff,46.25,98.32,39.73,0.7,0.024,0.0,0.0,0.0,0.01,0.06,0.02,0.62
ivansafrin_Polycode,https://github.com/ivansafrin/Polycode,46.25,97.72,36.85,4.18,0.027,0.004,0.0,0.0,0.05,0.58,0.08,1.49
apache_kudu,https://github.com/apache/kudu,46.24,99.39,33.22,6.1,0.002,0.001,0.0,0.0,0.06,0.7,0.25,2.09
dfranx_ImFileDialog,https://github.com/dfranx/ImFileDialog,46.24,94.29,40.84,3.59,0.03,0.003,0.001,0.002,0.03,0.84,0.06,0.0
PardCode_CPP-3D-Game-Tutorial-Series,https://github.com/PardCode/CPP-3D-Game-Tutorial-Series,46.2,98.34,36.91,3.35,0.018,0.004,0.0,0.0,0.04,0.45,0.07,1.3
PRBonn_semantic_suma,https://github.com/PRBonn/semantic_suma,46.17,97.63,35.9,4.99,0.02,0.006,0.0,0.001,0.05,0.64,0.18,1.81
linkingvision_rapidonvif,https://github.com/linkingvision/rapidonvif,46.13,97.39,39.5,1.51,0.034,0.001,0.0,0.0,0.02,0.08,0.06,1.7
joeriedel_RadiantUI,https://github.com/joeriedel/RadiantUI,46.12,98.69,39.03,0.65,0.016,0.001,0.0,0.0,0.01,0.04,0.02,1.06
MCUdude_MightyCore,https://github.com/MCUdude/MightyCore,46.12,97.55,38.97,1.85,0.021,0.006,0.0,0.001,0.02,0.21,0.07,1.89
copperspice_copperspice,https://github.com/copperspice/copperspice,46.09,98.2,37.83,2.24,0.021,0.002,0.0,0.0,0.03,0.29,0.03,1.6
chriskohlhoff_asio,https://github.com/chriskohlhoff/asio,46.09,99.05,33.58,5.65,0.007,0.004,0.0,0.0,0.05,0.79,0.23,1.34
scantailor_scantailor,https://github.com/scantailor/scantailor,46.09,98.86,35.77,3.65,0.01,0.001,0.0,0.0,0.04,0.5,0.1,2.17
ldiqual_tesseract-ios-lib,https://github.com/ldiqual/tesseract-ios-lib,46.03,98.72,38.79,0.59,0.014,0.002,0.0,0.0,0.01,0.04,0.01,1.28
NVIDIA-Merlin_HugeCTR,https://github.com/NVIDIA-Merlin/HugeCTR,45.98,98.78,35.37,3.79,0.008,0.004,0.0,0.0,0.03,0.64,0.15,2.34
vintlabs_fauxmoESP,https://github.com/vintlabs/fauxmoESP,45.98,96.85,37.31,3.77,0.008,0.011,0.0,0.004,0.05,0.45,0.06,2.7
Chia-Network_bls-signatures,https://github.com/Chia-Network/bls-signatures,45.92,99.21,35.33,3.23,0.006,0.003,0.0,0.0,0.04,0.2,0.13,1.15
analogdevicesinc_scopy,https://github.com/analogdevicesinc/scopy,45.92,98.44,37.27,2.05,0.017,0.002,0.0,0.0,0.03,0.1,0.06,1.68
Hotride_OrionUO,https://github.com/Hotride/OrionUO,45.86,98.96,37.16,1.44,0.007,0.002,0.0,0.0,0.02,0.08,0.05,2.34
nokiatech_heif,https://github.com/nokiatech/heif,45.86,99.08,35.03,3.47,0.008,0.002,0.0,0.0,0.03,0.65,0.1,1.4
baidu_unit-uskit,https://github.com/baidu/unit-uskit,45.85,98.64,37.24,1.67,0.013,0.001,0.0,0.0,0.02,0.19,0.05,2.28
MarekKowalski_LiveScan3D,https://github.com/MarekKowalski/LiveScan3D,45.83,98.23,36.76,2.5,0.019,0.004,0.0,0.0,0.03,0.25,0.08,1.53
KDE_amarok,https://github.com/KDE/amarok,45.81,96.89,39.92,0.63,0.042,0.001,0.0,0.0,0.01,0.06,0.01,1.62
micooz_DesignPattern,https://github.com/micooz/DesignPattern,45.78,95.94,41.08,0.34,0.062,0.0,0.0,0.0,0.0,0.06,0.04,0.19
facebookincubator_mvfst,https://github.com/facebookincubator/mvfst,45.74,99.48,32.98,4.76,0.002,0.001,0.0,0.0,0.05,0.76,0.11,1.66
xively_xively_arduino,https://github.com/xively/xively_arduino,45.74,94.11,41.99,1.13,0.042,0.018,0.0,0.005,0.02,0.03,0.02,1.53
brandonpelfrey_SimpleOctree,https://github.com/brandonpelfrey/SimpleOctree,45.73,96.44,40.55,0.2,0.039,0.015,0.0,0.0,0.0,0.06,0.02,0.79
robotastic_trunk-recorder,https://github.com/robotastic/trunk-recorder,45.73,97.92,37.02,2.25,0.022,0.003,0.0,0.0,0.03,0.23,0.05,2.38
tibirna_qgit,https://github.com/tibirna/qgit,45.7,98.83,38.0,0.27,0.009,0.001,0.0,0.0,0.0,0.06,0.03,2.66
TyrealGray_HMIYC,https://github.com/TyrealGray/HMIYC,45.64,99.44,37.36,0.11,0.006,0.0,0.0,0.0,0.0,0.05,0.01,0.83
tangrams_tangram-es,https://github.com/tangrams/tangram-es,45.63,98.69,35.65,2.54,0.009,0.001,0.0,0.0,0.03,0.27,0.08,3.34
microsoft_clr-samples,https://github.com/microsoft/clr-samples,45.62,98.89,36.24,1.74,0.007,0.005,0.0,0.0,0.03,0.05,0.03,1.85
kennethshackleton_SKPokerEval,https://github.com/kennethshackleton/SKPokerEval,45.61,99.45,37.26,0.11,0.001,0.004,0.0,0.0,0.0,0.05,0.01,1.26
indutny_heartbleed,https://github.com/indutny/heartbleed,45.57,98.21,37.71,0.8,0.025,0.0,0.0,0.0,0.01,0.14,0.01,0.81
flaviotordini_minitube,https://github.com/flaviotordini/minitube,45.54,98.06,37.66,0.89,0.017,0.001,0.0,0.001,0.01,0.12,0.03,2.09
Restream_reindexer,https://github.com/Restream/reindexer,45.52,98.32,35.68,2.56,0.016,0.002,0.0,0.0,0.03,0.41,0.04,2.62
rizinorg_rz-ghidra,https://github.com/rizinorg/rz-ghidra,45.52,94.48,38.87,3.23,0.075,0.004,0.0,0.0,0.03,0.63,0.07,2.11
beark_ftl,https://github.com/beark/ftl,45.52,98.7,36.15,1.72,0.018,0.0,0.0,0.0,0.02,0.31,0.02,0.66
coolxv_cpp-stub,https://github.com/coolxv/cpp-stub,45.5,98.37,37.35,0.79,0.021,0.002,0.0,0.0,0.01,0.07,0.03,0.74
google_xrtl,https://github.com/google/xrtl,45.5,99.4,36.46,0.65,0.003,0.002,0.0,0.0,0.01,0.07,0.01,1.45
karllen_cef3-duilib-YDDemo,https://github.com/karllen/cef3-duilib-YDDemo,45.49,96.35,38.92,1.19,0.051,0.002,0.0,0.0,0.01,0.13,0.07,1.13
Lin20_BinaryMeshFitting,https://github.com/Lin20/BinaryMeshFitting,45.48,97.99,37.6,0.84,0.026,0.002,0.0,0.0,0.01,0.16,0.01,1.02
arvidsson_BrainTree,https://github.com/arvidsson/BrainTree,45.46,98.93,36.71,0.74,0.013,0.0,0.0,0.0,0.01,0.08,0.02,1.11
coderespawn_prefabricator-ue4,https://github.com/coderespawn/prefabricator-ue4,45.46,98.52,36.08,1.78,0.016,0.0,0.0,0.0,0.02,0.24,0.05,2.19
AndresTraks_BulletSharp,https://github.com/AndresTraks/BulletSharp,45.45,97.21,38.4,0.74,0.042,0.0,0.0,0.0,0.01,0.08,0.02,0.3
Eyescale_Equalizer,https://github.com/Eyescale/Equalizer,45.43,98.26,37.35,0.68,0.017,0.004,0.0,0.0,0.01,0.05,0.02,2.0
flomesh-io_pipy,https://github.com/flomesh-io/pipy,45.41,98.6,32.05,5.58,0.005,0.006,0.0,0.0,0.06,0.91,0.11,3.66
gp-alex_world-of-might-and-magic,https://github.com/gp-alex/world-of-might-and-magic,45.39,98.42,36.4,1.34,0.0,0.006,0.0,0.002,0.02,0.13,0.02,2.51
VelsonWang_HmiFuncDesigner,https://github.com/VelsonWang/HmiFuncDesigner,45.38,97.58,34.38,4.18,0.028,0.004,0.0,0.0,0.04,0.39,0.21,1.85
Project-LemonLime_Project_LemonLime,https://github.com/Project-LemonLime/Project_LemonLime,45.36,98.89,35.14,2.05,0.003,0.006,0.0,0.0,0.02,0.37,0.05,2.85
USTC-Hackergame_hackergame2020-writeups,https://github.com/USTC-Hackergame/hackergame2020-writeups,45.35,98.32,31.36,6.38,0.009,0.003,0.0,0.0,0.06,1.1,0.17,4.62
BDLDev_bdlauncher,https://github.com/BDLDev/bdlauncher,45.32,96.74,37.84,1.39,0.029,0.006,0.0,0.002,0.02,0.12,0.03,1.49
cityflow-project_CityFlow,https://github.com/cityflow-project/CityFlow,45.3,97.64,35.53,2.74,0.029,0.001,0.0,0.0,0.02,0.47,0.12,2.09
Apress_design-patterns-in-modern-cpp,https://github.com/Apress/design-patterns-in-modern-cpp,45.29,97.2,36.5,2.16,0.036,0.005,0.0,0.0,0.02,0.26,0.1,0.85
puzzlepaint_camera_calibration,https://github.com/puzzlepaint/camera_calibration,45.29,98.38,34.14,3.35,0.005,0.008,0.0,0.001,0.03,0.59,0.1,2.34
jbandela_cppcomponents,https://github.com/jbandela/cppcomponents,45.28,98.05,37.17,0.63,0.022,0.004,0.0,0.0,0.01,0.06,0.01,1.45
eyalroz_cuda-api-wrappers,https://github.com/eyalroz/cuda-api-wrappers,45.27,98.14,36.58,1.1,0.022,0.003,0.0,0.0,0.01,0.22,0.03,1.3
gikou-official_Gikou,https://github.com/gikou-official/Gikou,45.26,98.43,36.03,1.32,0.007,0.011,0.0,0.0,0.02,0.12,0.02,2.38
0vercl0k_blazefox,https://github.com/0vercl0k/blazefox,45.23,99.12,35.5,1.05,0.004,0.003,0.0,0.0,0.01,0.13,0.05,2.21
owent_libcopp,https://github.com/owent/libcopp,45.2,98.25,36.37,0.97,0.014,0.008,0.0,0.0,0.01,0.16,0.03,1.87
FeJQ_AUPK,https://github.com/FeJQ/AUPK,45.2,99.38,32.34,3.89,0.001,0.001,0.0,0.0,0.01,0.64,0.31,2.51
securesocketfunneling_ssf,https://github.com/securesocketfunneling/ssf,45.19,97.23,35.22,3.13,0.036,0.002,0.0,0.0,0.03,0.52,0.09,1.6
DigiDNA_ISOBMFF,https://github.com/DigiDNA/ISOBMFF,45.19,97.67,37.0,0.89,0.03,0.003,0.0,0.0,0.01,0.12,0.03,1.04
nevermoe_unity_metadata_loader,https://github.com/nevermoe/unity_metadata_loader,45.19,98.71,35.02,1.82,0.012,0.002,0.0,0.0,0.02,0.23,0.06,1.98
microsoft_Windows-iotcore-samples,https://github.com/microsoft/Windows-iotcore-samples,45.18,97.41,31.92,6.2,0.028,0.004,0.0,0.0,0.05,0.4,0.43,2.72
Artanidos_AnimationMaker,https://github.com/Artanidos/AnimationMaker,45.18,97.24,37.67,0.63,0.038,0.001,0.0,0.0,0.01,0.06,0.01,1.17
AnyDSL_thorin,https://github.com/AnyDSL/thorin,45.15,97.49,37.43,0.54,0.024,0.003,0.0,0.0,0.01,0.05,0.0,3.89
yanyan-li_PlanarSLAM,https://github.com/yanyan-li/PlanarSLAM,45.15,96.67,35.93,2.84,0.038,0.007,0.0,0.0,0.02,0.52,0.12,2.3
phbender_liblanelet,https://github.com/phbender/liblanelet,45.15,98.24,37.05,0.16,0.019,0.005,0.0,0.0,0.0,0.04,0.02,1.17
ElunaLuaEngine_Eluna,https://github.com/ElunaLuaEngine/Eluna,45.13,99.29,35.11,0.99,0.005,0.001,0.0,0.0,0.01,0.07,0.06,1.64
nyorain_vpp,https://github.com/nyorain/vpp,45.13,99.13,35.59,0.68,0.009,0.001,0.0,0.0,0.01,0.12,0.0,1.15
Yaafe_Yaafe,https://github.com/Yaafe/Yaafe,45.12,97.2,37.51,0.65,0.029,0.009,0.0,0.0,0.01,0.07,0.01,1.96
BYVoid_uchardet,https://github.com/BYVoid/uchardet,45.11,97.62,36.78,0.93,0.019,0.007,0.0,0.0,0.01,0.14,0.03,3.72
amroibrahim_DIYDoom,https://github.com/amroibrahim/DIYDoom,45.1,98.87,33.8,2.62,0.01,0.002,0.0,0.0,0.04,0.3,0.01,1.81
mastercomfig_team-comtress-2,https://github.com/mastercomfig/team-comtress-2,45.08,96.06,37.12,2.04,0.046,0.003,0.0,0.001,0.02,0.3,0.07,2.06
procxx_kepka,https://github.com/procxx/kepka,45.05,99.42,35.09,0.63,0.002,0.001,0.0,0.0,0.01,0.06,0.01,1.94
aappleby_MetroBoy,https://github.com/aappleby/MetroBoy,45.03,98.31,33.22,3.57,0.014,0.004,0.0,0.0,0.03,0.96,0.02,2.74
jgromes_RadioLib,https://github.com/jgromes/RadioLib,44.99,96.43,35.58,2.96,0.043,0.005,0.0,0.0,0.03,0.37,0.11,2.43
tsiv_ccminer-cryptonight,https://github.com/tsiv/ccminer-cryptonight,44.98,97.94,35.11,1.9,0.016,0.007,0.0,0.001,0.02,0.1,0.11,1.28
willpirkleaudio_ASPiK,https://github.com/willpirkleaudio/ASPiK,44.97,96.19,37.23,1.49,0.051,0.002,0.0,0.0,0.02,0.2,0.02,1.89
bloomberg_quantum,https://github.com/bloomberg/quantum,44.96,97.9,35.06,1.9,0.027,0.0,0.0,0.0,0.02,0.3,0.05,1.72
mohabouje_eDSP,https://github.com/mohabouje/eDSP,44.96,97.9,36.24,0.74,0.028,0.002,0.0,0.0,0.01,0.08,0.02,0.85
CoderMJLee_audio-video-dev-tutorial,https://github.com/CoderMJLee/audio-video-dev-tutorial,44.95,96.59,33.28,4.98,0.039,0.009,0.0,0.0,0.03,0.78,0.28,1.79
intel_libxcam,https://github.com/intel/libxcam,44.94,98.16,34.31,2.35,0.015,0.009,0.0,0.0,0.03,0.18,0.08,1.74
runner365_GPUImageRtmpPush,https://github.com/runner365/GPUImageRtmpPush,44.94,97.82,36.1,0.9,0.031,0.0,0.0,0.0,0.01,0.09,0.04,0.83
ruben2020_codequery,https://github.com/ruben2020/codequery,44.9,97.93,35.82,0.95,0.022,0.004,0.0,0.0,0.01,0.18,0.02,2.04
sfu-dis_corobase,https://github.com/sfu-dis/corobase,44.89,97.45,35.55,1.66,0.014,0.014,0.0,0.001,0.02,0.28,0.02,2.32
GammaUNC_FasTC,https://github.com/GammaUNC/FasTC,44.87,98.02,36.44,0.15,0.019,0.007,0.0,0.0,0.0,0.07,0.01,1.7
xuwening_libeventInterface,https://github.com/xuwening/libeventInterface,44.86,96.58,37.06,0.92,0.032,0.009,0.0,0.001,0.01,0.07,0.05,2.28
microsoft_mageslam,https://github.com/microsoft/mageslam,44.84,98.61,33.92,1.99,0.015,0.002,0.0,0.0,0.03,0.17,0.03,1.51
khalladay_render-with-notepad,https://github.com/khalladay/render-with-notepad,44.84,98.47,34.22,1.83,0.016,0.004,0.0,0.0,0.01,0.54,0.04,1.32
Mixaill_FakePDB,https://github.com/Mixaill/FakePDB,44.83,99.01,34.18,1.31,0.007,0.0,0.0,0.0,0.01,0.29,0.04,2.7
WalkerLau_Accelerating-CNN-with-FPGA,https://github.com/WalkerLau/Accelerating-CNN-with-FPGA,44.82,95.72,35.83,2.92,0.046,0.012,0.0,0.0,0.02,0.46,0.15,2.98
TartanLlama_minidbg,https://github.com/TartanLlama/minidbg,44.81,94.92,38.47,1.04,0.065,0.004,0.0,0.001,0.01,0.16,0.04,1.32
ds4dm_ecole,https://github.com/ds4dm/ecole,44.81,98.16,35.08,1.19,0.024,0.0,0.0,0.0,0.01,0.23,0.04,1.43
gilmaimon_ArduinoWebsockets,https://github.com/gilmaimon/ArduinoWebsockets,44.79,93.22,39.25,1.91,0.091,0.008,0.0,0.0,0.02,0.27,0.06,2.04
sidoh_esp8266_milight_hub,https://github.com/sidoh/esp8266_milight_hub,44.79,96.57,34.33,3.49,0.031,0.009,0.0,0.001,0.04,0.42,0.1,2.66
tjuskyzhang_Scaled-YOLOv4-TensorRT,https://github.com/tjuskyzhang/Scaled-YOLOv4-TensorRT,44.77,98.33,34.46,1.51,0.016,0.005,0.0,0.0,0.01,0.32,0.06,1.7
google_woff2,https://github.com/google/woff2,44.76,97.92,34.3,2.07,0.008,0.016,0.0,0.0,0.02,0.35,0.06,3.19
mpromonet_webrtc-streamer,https://github.com/mpromonet/webrtc-streamer,44.76,93.21,36.81,4.26,0.049,0.007,0.001,0.0,0.04,0.59,0.16,1.72
JasonFerrara_jmtpfs,https://github.com/JasonFerrara/jmtpfs,44.76,96.49,37.78,0.0,0.047,0.004,0.0,0.0,0.0,0.03,0.0,1.15
ReadyTalk_avian,https://github.com/ReadyTalk/avian,44.76,98.15,33.65,2.48,0.006,0.02,0.0,0.0,0.03,0.34,0.05,1.51
Gasparila_TCPTuner,https://github.com/Gasparila/TCPTuner,44.74,98.53,35.09,0.61,0.011,0.0,0.0,0.001,0.01,0.05,0.01,1.94
CaoWGG_TensorRT-YOLOv4,https://github.com/CaoWGG/TensorRT-YOLOv4,44.73,98.46,33.08,2.63,0.014,0.002,0.0,0.0,0.02,0.42,0.12,2.55
FedoraQt_adwaita-qt,https://github.com/FedoraQt/adwaita-qt,44.72,99.16,34.77,0.24,0.005,0.0,0.0,0.0,0.0,0.11,0.01,2.6
redorav_hlslpp,https://github.com/redorav/hlslpp,44.72,97.6,35.78,0.78,0.034,0.001,0.0,0.0,0.01,0.13,0.01,0.68
ArthurSonzogni_Diagon,https://github.com/ArthurSonzogni/Diagon,44.71,99.06,33.54,1.53,0.007,0.0,0.0,0.0,0.01,0.49,0.01,2.43
chipsalliance_dromajo,https://github.com/chipsalliance/dromajo,44.67,97.71,34.71,1.59,0.005,0.011,0.0,0.002,0.02,0.15,0.05,3.0
scipr-lab_libsnark,https://github.com/scipr-lab/libsnark,44.65,97.27,33.1,3.57,0.026,0.012,0.0,0.0,0.03,0.5,0.16,1.74
chenluyong_OEasyScreenshot,https://github.com/chenluyong/OEasyScreenshot,44.63,98.37,34.39,1.12,0.02,0.001,0.0,0.0,0.01,0.13,0.06,1.36
adafruit_Adafruit-Thermal-Printer-Library,https://github.com/adafruit/Adafruit-Thermal-Printer-Library,44.63,98.37,34.56,0.94,0.01,0.009,0.0,0.0,0.01,0.08,0.05,2.28
racklin_moedict-desktop,https://github.com/racklin/moedict-desktop,44.63,96.48,37.39,0.02,0.047,0.001,0.0,0.0,0.0,0.04,0.0,2.04
BehaviorTree_Groot,https://github.com/BehaviorTree/Groot,44.62,96.11,35.61,2.14,0.052,0.002,0.0,0.0,0.02,0.28,0.09,1.98
casadi_casadi,https://github.com/casadi/casadi,44.62,97.11,35.29,1.46,0.027,0.005,0.0,0.0,0.01,0.26,0.07,4.21
nuvie_nuvie,https://github.com/nuvie/nuvie,44.62,95.6,37.65,0.61,0.055,0.006,0.0,0.0,0.01,0.05,0.01,2.43
stackos_Viry3D,https://github.com/stackos/Viry3D,44.61,98.29,33.97,1.56,0.014,0.004,0.0,0.0,0.02,0.2,0.03,2.83
holalula_ChocoboDecorator,https://github.com/holalula/ChocoboDecorator,44.61,97.55,34.97,1.31,0.029,0.001,0.0,0.0,0.01,0.19,0.07,2.53
qtproject_installer-framework,https://github.com/qtproject/installer-framework,44.6,98.51,34.57,0.72,0.01,0.005,0.0,0.0,0.01,0.04,0.03,2.77
accellera-official_systemc,https://github.com/accellera-official/systemc,44.6,97.32,34.25,2.24,0.028,0.008,0.0,0.0,0.03,0.19,0.06,2.0
google_kati,https://github.com/google/kati,44.6,94.87,36.99,1.92,0.007,0.017,0.001,0.001,0.02,0.31,0.05,2.34
RMonica_rviz_cloud_annotation,https://github.com/RMonica/rviz_cloud_annotation,44.59,98.97,34.46,0.33,0.006,0.004,0.0,0.0,0.0,0.09,0.03,2.06
LukasBanana_XShaderCompiler,https://github.com/LukasBanana/XShaderCompiler,44.58,99.11,33.8,0.84,0.007,0.0,0.0,0.0,0.01,0.13,0.02,2.17
OpenFodder_openfodder,https://github.com/OpenFodder/openfodder,44.58,99.08,33.95,0.71,0.006,0.001,0.0,0.0,0.01,0.1,0.01,2.34
xcfem_xc,https://github.com/xcfem/xc,44.57,96.21,36.91,0.59,0.05,0.003,0.0,0.0,0.01,0.04,0.01,1.83
bewuethr_stroustrup-ppp,https://github.com/bewuethr/stroustrup-ppp,44.57,97.67,35.13,0.92,0.027,0.003,0.0,0.0,0.01,0.1,0.04,2.02
Dobiasd_frugally-deep,https://github.com/Dobiasd/frugally-deep,44.57,98.54,32.78,2.41,0.017,0.0,0.0,0.0,0.02,0.41,0.09,1.79
j0sh_crtmpserver,https://github.com/j0sh/crtmpserver,44.57,97.95,34.78,0.97,0.016,0.003,0.0,0.001,0.01,0.09,0.05,2.36
AngoraFuzzer_libdft64,https://github.com/AngoraFuzzer/libdft64,44.55,98.43,34.37,0.85,0.013,0.004,0.0,0.0,0.01,0.1,0.03,2.49
mandiant_flare-wmi,https://github.com/mandiant/flare-wmi,44.53,97.43,34.11,2.04,0.026,0.011,0.0,0.0,0.03,0.16,0.04,1.23
nccgroup_SocksOverRDP,https://github.com/nccgroup/SocksOverRDP,44.53,91.22,37.27,5.08,0.088,0.051,0.0,0.0,0.03,1.06,0.21,0.57
netheril96_securefs,https://github.com/netheril96/securefs,44.52,97.45,35.05,1.05,0.029,0.004,0.0,0.0,0.01,0.23,0.02,2.15
saurabhshri_CCAligner,https://github.com/saurabhshri/CCAligner,44.52,98.76,34.09,0.72,0.008,0.006,0.0,0.0,0.01,0.07,0.02,1.85
mjwybrow_dunnart,https://github.com/mjwybrow/dunnart,44.5,96.91,36.59,0.0,0.029,0.007,0.0,0.001,0.0,0.03,0.0,2.19
aperrault_DetectText,https://github.com/aperrault/DetectText,44.49,97.17,35.41,0.9,0.039,0.001,0.0,0.0,0.01,0.09,0.04,1.21
bablosoft_BAS,https://github.com/bablosoft/BAS,44.49,95.93,36.02,1.53,0.055,0.003,0.0,0.0,0.02,0.12,0.05,1.62
martinmoene_optional-lite,https://github.com/martinmoene/optional-lite,44.49,98.85,33.77,0.84,0.014,0.0,0.0,0.0,0.01,0.13,0.02,1.19
MirrorYuChen_mnn_example,https://github.com/MirrorYuChen/mnn_example,44.49,97.28,34.78,1.41,0.025,0.007,0.0,0.001,0.01,0.24,0.07,1.66
AD-Vega_rtl-power-fftw,https://github.com/AD-Vega/rtl-power-fftw,44.49,96.38,36.49,0.61,0.04,0.007,0.0,0.0,0.01,0.05,0.01,3.09
xtensor-stack_xtl,https://github.com/xtensor-stack/xtl,44.48,99.0,33.55,0.9,0.01,0.002,0.0,0.0,0.01,0.09,0.04,1.15
corax89_esp8266_game_engine,https://github.com/corax89/esp8266_game_engine,44.48,96.78,35.74,0.9,0.043,0.0,0.0,0.0,0.01,0.16,0.02,2.15
tgockel_json-voorhees,https://github.com/tgockel/json-voorhees,44.47,98.73,34.56,0.11,0.014,0.001,0.0,0.0,0.0,0.05,0.01,1.49
wy1iu_LargeMargin_Softmax_Loss,https://github.com/wy1iu/LargeMargin_Softmax_Loss,44.46,98.92,33.18,1.27,0.007,0.002,0.0,0.0,0.01,0.17,0.07,2.53
sony_easyhttpcpp,https://github.com/sony/easyhttpcpp,44.46,99.03,33.1,1.24,0.007,0.005,0.0,0.0,0.02,0.08,0.02,1.11
ValeevGroup_tiledarray,https://github.com/ValeevGroup/tiledarray,44.46,99.29,33.47,0.63,0.003,0.0,0.0,0.0,0.01,0.06,0.01,2.6
lanmessenger_lanmessenger,https://github.com/lanmessenger/lanmessenger,44.46,97.93,34.68,0.76,0.022,0.003,0.0,0.0,0.01,0.09,0.02,2.32
button-chen_buttonrpc_cpp14,https://github.com/button-chen/buttonrpc_cpp14,44.45,96.82,35.16,1.38,0.026,0.011,0.0,0.002,0.01,0.19,0.08,0.62
hanpfei_chromium-net,https://github.com/hanpfei/chromium-net,44.45,98.55,33.9,0.89,0.013,0.003,0.0,0.0,0.01,0.12,0.03,2.17
asantoni_libaudiodecoder,https://github.com/asantoni/libaudiodecoder,44.43,95.96,37.28,0.07,0.042,0.016,0.0,0.0,0.0,0.03,0.01,1.96
vietanhdev_open-adas,https://github.com/vietanhdev/open-adas,44.42,98.0,33.11,2.16,0.02,0.003,0.0,0.0,0.02,0.26,0.1,2.64
mathertel_Radio,https://github.com/mathertel/Radio,44.42,98.39,34.05,0.81,0.005,0.009,0.0,0.001,0.01,0.08,0.03,2.0
OpenImageDebugger_OpenImageDebugger,https://github.com/OpenImageDebugger/OpenImageDebugger,44.42,99.18,33.2,0.89,0.004,0.002,0.0,0.0,0.01,0.12,0.03,2.21
Reactive-Extensions_LevelDB,https://github.com/Reactive-Extensions/LevelDB,44.41,97.77,34.87,0.59,0.014,0.015,0.0,0.0,0.01,0.04,0.01,2.28
vslavik_diff-pdf,https://github.com/vslavik/diff-pdf,44.41,99.05,32.96,1.23,0.004,0.008,0.0,0.0,0.01,0.28,0.03,1.13
p4lang_PI,https://github.com/p4lang/PI,44.39,98.27,33.0,1.9,0.006,0.009,0.0,0.001,0.03,0.06,0.05,2.28
smrtnt_Open-Home-Automation,https://github.com/smrtnt/Open-Home-Automation,44.38,97.81,31.44,3.9,0.018,0.0,0.0,0.0,0.05,0.41,0.09,5.11
jaegertracing_jaeger-client-cpp,https://github.com/jaegertracing/jaeger-client-cpp,44.38,97.71,34.29,1.15,0.019,0.012,0.0,0.0,0.01,0.08,0.08,1.83
IAPOLINARIO_100-days-of-code,https://github.com/IAPOLINARIO/100-days-of-code,44.38,98.18,32.12,2.83,0.013,0.002,0.0,0.0,0.03,0.41,0.08,4.28
openvanilla_McBopomofo,https://github.com/openvanilla/McBopomofo,44.37,96.63,35.7,0.78,0.042,0.003,0.0,0.0,0.01,0.1,0.02,2.34
skeeto_pixelcity,https://github.com/skeeto/pixelcity,44.36,98.39,34.03,0.67,0.013,0.001,0.0,0.001,0.01,0.08,0.01,1.7
nikolaseu_neuvision,https://github.com/nikolaseu/neuvision,44.35,99.18,33.01,0.85,0.003,0.002,0.0,0.0,0.01,0.1,0.03,2.57
orfeasel_PortfolioSnippets,https://github.com/orfeasel/PortfolioSnippets,44.34,96.7,35.59,0.75,0.044,0.0,0.0,0.0,0.01,0.05,0.03,2.23
choasup_caffe-yolo9000,https://github.com/choasup/caffe-yolo9000,44.33,98.89,32.92,1.17,0.007,0.002,0.0,0.0,0.01,0.09,0.08,2.72
lukewagner_polyfill-prototype-1,https://github.com/lukewagner/polyfill-prototype-1,44.33,98.42,33.29,1.28,0.008,0.004,0.0,0.001,0.02,0.1,0.02,2.3
matyhtf_phpx,https://github.com/matyhtf/phpx,44.33,97.76,31.89,3.34,0.017,0.012,0.0,0.0,0.04,0.48,0.06,2.21
ludios_qolibri,https://github.com/ludios/qolibri,44.32,98.37,33.92,0.67,0.016,0.002,0.0,0.0,0.01,0.08,0.01,2.36
thejohnfreeman_autocheck,https://github.com/thejohnfreeman/autocheck,44.31,96.87,36.04,0.02,0.044,0.0,0.0,0.0,0.0,0.04,0.0,1.34
hyperblast_beefweb,https://github.com/hyperblast/beefweb,44.3,97.44,35.27,0.2,0.026,0.002,0.0,0.001,0.0,0.09,0.01,1.96
klmr_named-operator,https://github.com/klmr/named-operator,44.3,96.16,35.95,0.8,0.055,0.0,0.0,0.0,0.01,0.14,0.01,1.32
reaper-oss_sws,https://github.com/reaper-oss/sws,44.29,93.62,37.89,1.37,0.067,0.011,0.0,0.002,0.02,0.11,0.03,3.32
CS144_sponge,https://github.com/CS144/sponge,44.27,96.35,31.81,4.65,0.037,0.015,0.0,0.0,0.01,0.35,0.51,1.91
lizhangqu_PinyinIME,https://github.com/lizhangqu/PinyinIME,44.27,97.94,34.41,0.45,0.005,0.016,0.0,0.0,0.0,0.08,0.05,4.06
gadgetron_gadgetron,https://github.com/gadgetron/gadgetron,44.25,96.52,34.73,1.49,0.04,0.005,0.0,0.0,0.02,0.07,0.06,2.94
uzh-rpg_fault_tolerant_control,https://github.com/uzh-rpg/fault_tolerant_control,44.25,98.46,30.27,4.01,0.015,0.001,0.0,0.0,0.06,0.29,0.07,2.53
akuukka_quickhull,https://github.com/akuukka/quickhull,44.24,96.95,35.61,0.15,0.039,0.001,0.0,0.0,0.0,0.07,0.01,2.3
alumae_gst-kaldi-nnet2-online,https://github.com/alumae/gst-kaldi-nnet2-online,44.24,98.96,32.92,0.85,0.006,0.001,0.0,0.0,0.01,0.07,0.04,2.98
YCAMInterlab_RAMDanceToolkit,https://github.com/YCAMInterlab/RAMDanceToolkit,44.22,96.97,35.11,0.57,0.04,0.002,0.0,0.0,0.01,0.03,0.01,1.57
aws_aws-iot-device-sdk-cpp,https://github.com/aws/aws-iot-device-sdk-cpp,44.21,98.75,32.42,1.47,0.011,0.002,0.0,0.0,0.02,0.06,0.06,2.11
easymodo_qimgv,https://github.com/easymodo/qimgv,44.2,94.58,36.53,1.5,0.077,0.001,0.0,0.0,0.01,0.41,0.03,1.83
vjeux_jspp,https://github.com/vjeux/jspp,44.2,96.29,36.31,0.0,0.042,0.0,0.0,0.001,0.0,0.03,0.0,3.09
shichaog_WebRTC-audio-processing,https://github.com/shichaog/WebRTC-audio-processing,44.17,98.08,33.17,1.25,0.012,0.01,0.0,0.0,0.01,0.16,0.07,2.83
kangwang1988_XcodeZombieCode,https://github.com/kangwang1988/XcodeZombieCode,44.14,98.09,33.51,0.82,0.021,0.0,0.0,0.0,0.01,0.12,0.02,2.74
yunchih_ORB-SLAM2-GPU2016-final,https://github.com/yunchih/ORB-SLAM2-GPU2016-final,44.13,95.36,35.83,1.21,0.061,0.003,0.0,0.0,0.01,0.14,0.07,2.51
danxuhk_StructuredAttentionDepthEstimation,https://github.com/danxuhk/StructuredAttentionDepthEstimation,44.11,98.9,32.78,0.67,0.007,0.002,0.0,0.0,0.01,0.08,0.01,2.66
joel16_NX-Shell,https://github.com/joel16/NX-Shell,44.11,98.34,30.65,3.35,0.005,0.004,0.0,0.001,0.04,0.55,0.04,3.7
martinmoene_variant-lite,https://github.com/martinmoene/variant-lite,44.11,98.45,33.64,0.24,0.018,0.001,0.0,0.0,0.0,0.11,0.01,1.62
a1928370421_Bongobs-Cat-Plugin,https://github.com/a1928370421/Bongobs-Cat-Plugin,44.1,98.84,32.09,1.37,0.005,0.005,0.0,0.0,0.01,0.25,0.06,2.74
ColorCop_ColorCop,https://github.com/ColorCop/ColorCop,44.09,95.02,36.52,0.74,0.022,0.0,0.001,0.001,0.01,0.08,0.02,1.64
vgmtrans_vgmtrans,https://github.com/vgmtrans/vgmtrans,44.08,95.99,35.36,0.9,0.052,0.002,0.0,0.0,0.01,0.16,0.02,2.6
czyt1988_czyBlog,https://github.com/czyt1988/czyBlog,44.08,94.54,34.87,2.84,0.07,0.005,0.0,0.001,0.01,0.17,0.3,1.32
martinjanas_Sensum,https://github.com/martinjanas/Sensum,44.08,97.54,32.9,1.78,0.025,0.001,0.0,0.0,0.02,0.21,0.06,3.87
danini_graph-cut-ransac,https://github.com/danini/graph-cut-ransac,44.07,97.24,33.94,1.04,0.029,0.007,0.0,0.0,0.01,0.16,0.04,2.38
kwin_macdependency,https://github.com/kwin/macdependency,44.05,90.63,40.67,0.84,0.049,0.005,0.002,0.0,0.01,0.13,0.02,0.91
cyberman54_ESP32-Paxcounter,https://github.com/cyberman54/ESP32-Paxcounter,44.04,96.29,31.01,4.8,0.029,0.008,0.0,0.001,0.04,0.69,0.21,4.98
sdllc_Basic-Excel-R-Toolkit,https://github.com/sdllc/Basic-Excel-R-Toolkit,44.03,97.16,34.3,0.63,0.034,0.002,0.0,0.0,0.01,0.06,0.01,2.57
hpi-xnor_BMXNet,https://github.com/hpi-xnor/BMXNet,44.01,98.61,31.64,1.78,0.011,0.001,0.0,0.0,0.02,0.21,0.06,3.09
stephane-caron_lipm_walking_controller,https://github.com/stephane-caron/lipm_walking_controller,44.01,97.99,33.13,0.9,0.026,0.0,0.0,0.0,0.01,0.09,0.04,1.6
CasualX_apexbot,https://github.com/CasualX/apexbot,44.0,96.52,34.01,1.47,0.018,0.028,0.0,0.0,0.01,0.2,0.09,3.45
jonnydee_nzmqt,https://github.com/jonnydee/nzmqt,44.0,98.31,33.03,0.68,0.02,0.005,0.0,0.0,0.01,0.05,0.02,0.53
Rinnegatamante_DaedalusX64-vitaGL,https://github.com/Rinnegatamante/DaedalusX64-vitaGL,43.99,93.37,35.42,3.17,0.052,0.009,0.0,0.006,0.04,0.4,0.06,2.74
nRF24_RF24,https://github.com/nRF24/RF24,43.99,94.58,31.5,5.88,0.021,0.037,0.0,0.002,0.05,0.64,0.31,5.96
faheel_BigInt,https://github.com/faheel/BigInt,43.97,97.66,33.15,1.12,0.03,0.001,0.0,0.0,0.01,0.13,0.06,1.68
johnnian_Blog,https://github.com/johnnian/Blog,43.95,99.29,31.67,0.89,0.005,0.0,0.0,0.001,0.01,0.12,0.03,0.11
mihaibujanca_dynamicfusion,https://github.com/mihaibujanca/dynamicfusion,43.92,96.16,34.37,1.22,0.034,0.004,0.0,0.003,0.01,0.18,0.06,1.55
briankendall_devreorder,https://github.com/briankendall/devreorder,43.91,97.07,33.96,0.69,0.035,0.003,0.0,0.0,0.01,0.09,0.01,2.43
MishkaRogachev_JAGCS,https://github.com/MishkaRogachev/JAGCS,43.9,96.47,34.54,0.7,0.048,0.001,0.0,0.0,0.01,0.06,0.02,1.77
adafruit_RadioHead,https://github.com/adafruit/RadioHead,43.9,95.42,35.32,0.94,0.01,0.01,0.001,0.0,0.01,0.08,0.05,2.45
KyujuuAlpha_iBox-2,https://github.com/KyujuuAlpha/iBox-2,43.89,97.08,33.83,0.77,0.021,0.01,0.0,0.001,0.01,0.06,0.03,3.06
0ldsk00l_nestopia,https://github.com/0ldsk00l/nestopia,43.88,93.28,37.38,0.98,0.095,0.004,0.0,0.0,0.01,0.13,0.04,1.6
meshula_OpenSteer,https://github.com/meshula/OpenSteer,43.84,98.95,31.91,0.67,0.003,0.005,0.0,0.0,0.01,0.08,0.01,2.83
xbpeng_DeepLoco,https://github.com/xbpeng/DeepLoco,43.84,96.67,33.94,0.92,0.043,0.004,0.0,0.0,0.01,0.1,0.04,1.51
nobleo_full_coverage_path_planner,https://github.com/nobleo/full_coverage_path_planner,43.82,99.17,29.53,2.76,0.003,0.0,0.0,0.0,0.02,0.45,0.13,3.19
Parchive_par2cmdline,https://github.com/Parchive/par2cmdline,43.8,96.06,34.49,0.84,0.004,0.005,0.001,0.0,0.01,0.13,0.02,2.66
limingfan2016_game_service_system,https://github.com/limingfan2016/game_service_system,43.79,93.83,34.01,3.52,0.066,0.017,0.0,0.001,0.03,0.38,0.19,2.68
bbc_bbc-vamp-plugins,https://github.com/bbc/bbc-vamp-plugins,43.75,98.73,31.49,1.02,0.008,0.0,0.0,0.0,0.02,0.04,0.0,3.74
nitram2342_degate,https://github.com/nitram2342/degate,43.72,95.67,34.9,0.59,0.058,0.002,0.0,0.0,0.01,0.04,0.01,2.23
hpi-xnor_BMXNet-v2,https://github.com/hpi-xnor/BMXNet-v2,43.71,98.64,31.46,1.02,0.009,0.001,0.0,0.0,0.01,0.18,0.03,3.57
boostorg_leaf,https://github.com/boostorg/leaf,43.71,98.46,31.66,1.02,0.019,0.001,0.0,0.0,0.01,0.18,0.03,1.23
BoredEngineer_MMT_Content,https://github.com/BoredEngineer/MMT_Content,43.7,95.93,33.95,1.22,0.059,0.0,0.0,0.0,0.02,0.07,0.02,1.19
alexbaucom17_DominoRobot,https://github.com/alexbaucom17/DominoRobot,43.7,95.37,34.51,1.22,0.048,0.014,0.0,0.001,0.01,0.31,0.02,1.68
huxingyi_dust3d,https://github.com/huxingyi/dust3d,43.69,96.9,28.55,5.61,0.031,0.003,0.0,0.0,0.05,1.23,0.09,4.55
bruderstein_NppTidy2,https://github.com/bruderstein/NppTidy2,43.67,97.01,33.94,0.07,0.029,0.004,0.0,0.001,0.0,0.03,0.01,2.57
hydro-project_anna,https://github.com/hydro-project/anna,43.66,98.49,28.3,4.19,0.006,0.0,0.0,0.0,0.05,0.52,0.1,5.62
ebruneton_precomputed_atmospheric_scattering,https://github.com/ebruneton/precomputed_atmospheric_scattering,43.64,99.38,29.03,2.5,0.002,0.001,0.0,0.0,0.03,0.35,0.05,2.17
oprecomp_FloatX,https://github.com/oprecomp/FloatX,43.63,99.77,30.43,0.69,0.0,0.002,0.0,0.0,0.01,0.09,0.01,0.57
DmitryKoterov_dklab_realplexor,https://github.com/DmitryKoterov/dklab_realplexor,43.62,96.21,34.1,0.57,0.036,0.002,0.0,0.002,0.01,0.03,0.01,3.06
GrokImageCompression_grok,https://github.com/GrokImageCompression/grok,43.61,97.04,33.11,0.68,0.024,0.007,0.0,0.001,0.01,0.05,0.02,3.17
mtrebi_AI_FPS,https://github.com/mtrebi/AI_FPS,43.6,95.47,34.64,0.7,0.059,0.003,0.0,0.0,0.01,0.06,0.02,2.6
cachelot_cachelot,https://github.com/cachelot/cachelot,43.6,98.09,31.95,0.75,0.017,0.008,0.0,0.0,0.01,0.12,0.01,1.72
GabrielDosReis_ipr,https://github.com/GabrielDosReis/ipr,43.6,97.28,32.86,0.65,0.038,0.003,0.0,0.0,0.01,0.07,0.01,0.38
WohlSoft_Moondust-Project,https://github.com/WohlSoft/Moondust-Project,43.56,95.73,34.31,0.65,0.053,0.005,0.0,0.0,0.01,0.07,0.01,2.7
gwsystems_composite,https://github.com/gwsystems/composite,43.56,97.35,32.68,0.65,0.019,0.004,0.0,0.001,0.01,0.04,0.02,4.11
wangwenx190_framelesshelper,https://github.com/wangwenx190/framelesshelper,43.55,98.49,29.46,2.71,0.002,0.0,0.0,0.0,0.02,0.49,0.11,6.89
Autodesk_animx,https://github.com/Autodesk/animx,43.54,97.65,31.76,1.21,0.024,0.0,0.0,0.0,0.02,0.1,0.01,3.96
OpenMined_TenSEAL,https://github.com/OpenMined/TenSEAL,43.53,98.64,28.83,3.11,0.016,0.0,0.0,0.0,0.03,0.51,0.09,1.6
WojciechMula_sse4-strstr,https://github.com/WojciechMula/sse4-strstr,43.53,97.74,32.25,0.61,0.01,0.014,0.0,0.0,0.01,0.05,0.01,3.98
rusty1s_pytorch_cluster,https://github.com/rusty1s/pytorch_cluster,43.51,97.34,31.69,1.51,0.015,0.002,0.0,0.0,0.01,0.32,0.06,7.87
sharkdp_dbg-macro,https://github.com/sharkdp/dbg-macro,43.5,99.31,23.51,7.67,0.006,0.0,0.0,0.0,0.05,1.99,0.16,1.51
Celtoys_clReflect,https://github.com/Celtoys/clReflect,43.48,96.59,33.68,0.17,0.031,0.009,0.0,0.001,0.0,0.08,0.01,2.57
dfct_TrueFramelessWindow,https://github.com/dfct/TrueFramelessWindow,43.48,98.32,31.38,0.74,0.021,0.0,0.0,0.0,0.01,0.08,0.02,1.6
wavii_darner,https://github.com/wavii/darner,43.47,95.69,32.63,2.09,0.038,0.017,0.0,0.001,0.03,0.25,0.02,2.49
mariusbancila_stduuid,https://github.com/mariusbancila/stduuid,43.44,97.68,31.45,1.19,0.031,0.001,0.0,0.0,0.01,0.23,0.04,1.26
tomtom-international_cpp-dependencies,https://github.com/tomtom-international/cpp-dependencies,43.4,97.35,30.96,1.9,0.024,0.008,0.0,0.0,0.02,0.33,0.04,3.15
CNugteren_CLBlast,https://github.com/CNugteren/CLBlast,43.36,97.73,30.45,1.89,0.016,0.005,0.0,0.0,0.02,0.26,0.06,4.72
toby20130333_QtQuickExample,https://github.com/toby20130333/QtQuickExample,43.35,95.71,32.23,2.1,0.062,0.0,0.0,0.0,0.02,0.23,0.1,1.34
NASA-Tensegrity-Robotics-Toolkit_NTRTsim,https://github.com/NASA-Tensegrity-Robotics-Toolkit/NTRTsim,43.34,97.72,31.04,1.25,0.028,0.001,0.0,0.0,0.02,0.05,0.03,2.0
alxli_algorithm-anthology,https://github.com/alxli/algorithm-anthology,43.34,98.17,31.16,0.7,0.012,0.001,0.0,0.0,0.01,0.06,0.02,4.94
ermig1979_AntiDupl,https://github.com/ermig1979/AntiDupl,43.33,98.03,29.87,2.08,0.013,0.002,0.0,0.0,0.02,0.42,0.04,5.06
andrejnau_FlyCube,https://github.com/andrejnau/FlyCube,43.33,98.4,31.26,0.34,0.015,0.001,0.0,0.0,0.0,0.16,0.01,2.85
Bareflank_MicroV,https://github.com/Bareflank/MicroV,43.32,97.54,30.24,2.18,0.031,0.002,0.0,0.0,0.03,0.23,0.04,1.66
ydsf16_dre_slam,https://github.com/ydsf16/dre_slam,43.32,97.01,31.92,1.03,0.035,0.003,0.0,0.0,0.01,0.12,0.05,2.74
LeFroid_Viper-Browser,https://github.com/LeFroid/Viper-Browser,43.31,98.02,31.77,0.15,0.019,0.002,0.0,0.0,0.0,0.07,0.01,3.15
nvpro-samples_gl_vk_threaded_cadscene,https://github.com/nvpro-samples/gl_vk_threaded_cadscene,43.3,96.6,32.66,0.65,0.042,0.001,0.0,0.0,0.01,0.07,0.01,3.06
retf_Boost.Application,https://github.com/retf/Boost.Application,43.29,93.91,35.39,0.59,0.044,0.002,0.001,0.0,0.01,0.04,0.01,1.3
sprinfall_boost-asio-study,https://github.com/sprinfall/boost-asio-study,43.29,97.77,31.27,0.83,0.022,0.006,0.0,0.0,0.01,0.09,0.03,2.3
chaeplin_esp8266_and_arduino,https://github.com/chaeplin/esp8266_and_arduino,43.27,96.39,32.05,1.37,0.052,0.0,0.0,0.0,0.02,0.11,0.03,1.15
liu-jianhao_Cpp-Design-Patterns,https://github.com/liu-jianhao/Cpp-Design-Patterns,43.24,84.12,40.08,5.53,0.242,0.001,0.0,0.0,0.03,0.88,0.33,0.53
bcgsc_abyss,https://github.com/bcgsc/abyss,43.24,97.03,31.93,0.77,0.032,0.004,0.0,0.0,0.01,0.06,0.03,3.28
mithi_mpc,https://github.com/mithi/mpc,43.23,97.55,31.36,0.77,0.028,0.001,0.0,0.0,0.01,0.06,0.03,2.89
StarGate01_AmongUs-Mumble,https://github.com/StarGate01/AmongUs-Mumble,43.23,93.98,34.07,1.64,0.076,0.002,0.0,0.001,0.02,0.24,0.03,3.04
qsaker_QtSwissArmyKnife,https://github.com/qsaker/QtSwissArmyKnife,43.22,96.21,31.21,2.23,0.05,0.003,0.0,0.0,0.02,0.23,0.12,1.87
dash-project_dash,https://github.com/dash-project/dash,43.21,97.76,31.18,0.7,0.022,0.003,0.0,0.0,0.01,0.06,0.02,3.19
Ashishgup1_Competitive-Coding,https://github.com/Ashishgup1/Competitive-Coding,43.2,93.25,29.63,6.73,0.089,0.0,0.0,0.0,0.03,0.9,0.5,4.87
tomszilagyi_zutty,https://github.com/tomszilagyi/zutty,43.2,94.53,33.1,1.98,0.023,0.005,0.001,0.0,0.02,0.4,0.03,4.15
mit-aera_FlightGoggles,https://github.com/mit-aera/FlightGoggles,43.17,98.84,29.01,1.65,0.01,0.001,0.0,0.0,0.02,0.18,0.05,2.26
Tylemagne_Gopher360,https://github.com/Tylemagne/Gopher360,43.16,97.44,30.77,1.28,0.012,0.017,0.0,0.001,0.01,0.24,0.05,2.17
sultim-t_Serious-Engine-RT,https://github.com/sultim-t/Serious-Engine-RT,43.15,96.01,32.02,1.43,0.044,0.004,0.0,0.001,0.02,0.24,0.0,2.66
kevinlin311tw_caffe-augmentation,https://github.com/kevinlin311tw/caffe-augmentation,43.15,98.8,29.76,0.87,0.005,0.003,0.0,0.0,0.01,0.08,0.04,3.49
mattiasflodin_reckless,https://github.com/mattiasflodin/reckless,43.13,96.01,32.47,0.9,0.048,0.007,0.0,0.0,0.01,0.16,0.02,2.34
carlbirch_BirchEngine,https://github.com/carlbirch/BirchEngine,43.12,93.22,35.39,0.76,0.096,0.003,0.0,0.0,0.01,0.09,0.02,1.85
Creepsky_creepMiner,https://github.com/Creepsky/creepMiner,43.1,95.69,32.2,1.4,0.052,0.004,0.0,0.0,0.02,0.09,0.04,3.49
timscaffidi_ofxVideoRecorder,https://github.com/timscaffidi/ofxVideoRecorder,43.09,88.41,40.6,0.27,0.15,0.004,0.0,0.004,0.0,0.06,0.03,0.83
coelckers_prboom-plus,https://github.com/coelckers/prboom-plus,43.08,97.08,31.18,0.97,0.008,0.01,0.0,0.002,0.01,0.09,0.05,5.45
AirVPN_Eddie,https://github.com/AirVPN/Eddie,43.05,98.3,30.08,0.78,0.012,0.002,0.0,0.0,0.01,0.1,0.02,4.0
nbsdx_ThreadPool,https://github.com/nbsdx/ThreadPool,42.97,93.47,34.63,0.8,0.094,0.0,0.0,0.0,0.01,0.11,0.02,2.13
agraef_pure-lang,https://github.com/agraef/pure-lang,42.96,94.62,33.48,0.78,0.016,0.006,0.001,0.001,0.01,0.13,0.01,3.89
ha7ilm_qtcsdr,https://github.com/ha7ilm/qtcsdr,42.95,94.76,32.69,1.39,0.073,0.002,0.0,0.0,0.02,0.12,0.03,1.94
jcelerier_libremidi,https://github.com/jcelerier/libremidi,42.9,98.16,29.85,0.69,0.018,0.001,0.0,0.0,0.01,0.09,0.01,3.06
Zardinality_TF-deformable-conv,https://github.com/Zardinality/TF-deformable-conv,42.89,98.48,29.48,0.72,0.011,0.0,0.0,0.0,0.01,0.07,0.02,4.04
Totoro97_Vid2Curve,https://github.com/Totoro97/Vid2Curve,42.88,96.46,30.36,1.82,0.038,0.005,0.0,0.0,0.02,0.26,0.05,3.91
AvtechScientific_ASL,https://github.com/AvtechScientific/ASL,42.86,96.4,31.46,0.72,0.05,0.0,0.0,0.0,0.01,0.07,0.02,1.77
Soverance_EtherealLegends,https://github.com/Soverance/EtherealLegends,42.86,97.42,30.38,0.78,0.037,0.0,0.0,0.0,0.01,0.1,0.02,0.91
AprilRobotics_apriltag_ros,https://github.com/AprilRobotics/apriltag_ros,42.84,98.81,28.09,1.62,0.007,0.0,0.0,0.0,0.01,0.14,0.13,3.68
slightech_MYNT-EYE-VINS-Sample,https://github.com/slightech/MYNT-EYE-VINS-Sample,42.84,97.06,30.66,0.81,0.034,0.003,0.0,0.0,0.01,0.08,0.03,2.79
moononournation_Arduino_GFX,https://github.com/moononournation/Arduino_GFX,42.83,98.38,28.89,1.24,0.014,0.001,0.0,0.0,0.01,0.22,0.05,3.28
kensuke_How-to-Miracast-on-AOSP,https://github.com/kensuke/How-to-Miracast-on-AOSP,42.83,99.05,28.16,1.27,0.002,0.003,0.0,0.0,0.02,0.06,0.03,3.23
noxrepo_nox,https://github.com/noxrepo/nox,42.83,97.31,30.46,0.72,0.017,0.011,0.0,0.001,0.01,0.04,0.03,2.91
schreibfaul1_ESP32-audioI2S,https://github.com/schreibfaul1/ESP32-audioI2S,42.79,87.94,38.21,2.22,0.106,0.014,0.0,0.011,0.02,0.32,0.09,1.85
torch-js_torch-js,https://github.com/torch-js/torch-js,42.77,93.67,33.66,0.97,0.087,0.007,0.0,0.0,0.01,0.16,0.03,1.36
Avamander_arduino-tvout,https://github.com/Avamander/arduino-tvout,42.74,97.99,29.38,0.85,0.021,0.0,0.0,0.0,0.01,0.1,0.03,3.21
lemire_SIMDCompressionAndIntersection,https://github.com/lemire/SIMDCompressionAndIntersection,42.7,98.99,28.32,0.8,0.001,0.002,0.0,0.0,0.01,0.11,0.02,4.17
CNES_MAJA,https://github.com/CNES/MAJA,42.7,98.42,28.89,0.8,0.013,0.006,0.0,0.0,0.01,0.11,0.02,1.94
M5ez_M5ez,https://github.com/M5ez/M5ez,42.67,98.03,28.27,1.71,0.009,0.001,0.0,0.0,0.02,0.24,0.04,6.66
unix-ninja_hackersandbox,https://github.com/unix-ninja/hackersandbox,42.66,92.57,34.79,0.63,0.013,0.004,0.002,0.001,0.01,0.06,0.01,1.38
MIT-SPARK_Kimera-RPGO,https://github.com/MIT-SPARK/Kimera-RPGO,42.64,98.31,27.0,2.61,0.008,0.002,0.0,0.001,0.03,0.27,0.09,3.45
Kitware_VeloView,https://github.com/Kitware/VeloView,42.63,98.03,28.3,1.57,0.021,0.0,0.0,0.0,0.02,0.11,0.06,3.04
cnr-isti-vclab_piccante,https://github.com/cnr-isti-vclab/piccante,42.61,96.46,30.64,0.74,0.037,0.007,0.0,0.0,0.01,0.08,0.02,3.68
zeruniverse_Gesture_Recognition,https://github.com/zeruniverse/Gesture_Recognition,42.58,92.35,35.25,0.16,0.064,0.0,0.001,0.0,0.0,0.04,0.02,3.19
repaper_gratis,https://github.com/repaper/gratis,42.54,95.5,31.26,0.85,0.004,0.016,0.0,0.007,0.01,0.07,0.04,3.83
potassco_clingo,https://github.com/potassco/clingo,42.53,98.01,28.56,1.02,0.018,0.002,0.0,0.0,0.01,0.18,0.03,3.55
lllyasviel_AppearanceEraser,https://github.com/lllyasviel/AppearanceEraser,42.53,95.64,30.71,1.25,0.039,0.017,0.0,0.0,0.01,0.29,0.03,4.23
jessey-git_fx-gltf,https://github.com/jessey-git/fx-gltf,42.53,98.06,28.45,1.1,0.02,0.001,0.0,0.0,0.01,0.22,0.03,2.94
HaxeFoundation_hxcpp,https://github.com/HaxeFoundation/hxcpp,42.52,93.25,33.38,0.94,0.087,0.007,0.0,0.0,0.01,0.08,0.05,3.47
gtcasl_gpuocelot,https://github.com/gtcasl/gpuocelot,42.49,95.24,31.49,0.74,0.009,0.004,0.001,0.001,0.01,0.08,0.02,3.62
namazso_IDAShell,https://github.com/namazso/IDAShell,42.49,98.19,26.67,2.62,0.002,0.003,0.0,0.0,0.02,0.71,0.03,7.55
mscdex_sipster,https://github.com/mscdex/sipster,42.44,97.75,28.93,0.63,0.023,0.001,0.0,0.0,0.01,0.06,0.01,3.49
drycpp_lmdbxx,https://github.com/drycpp/lmdbxx,42.43,98.13,28.31,0.85,0.008,0.015,0.0,0.0,0.01,0.1,0.03,2.43
tonioni_WinUAE,https://github.com/tonioni/WinUAE,42.42,96.25,30.27,0.74,0.01,0.011,0.0,0.004,0.01,0.08,0.02,5.06
wh201906_Proxmark3GUI,https://github.com/wh201906/Proxmark3GUI,42.41,93.18,31.46,2.6,0.095,0.003,0.0,0.0,0.02,0.47,0.1,2.4
demi6od_Smashing_The_Browser,https://github.com/demi6od/Smashing_The_Browser,42.37,93.87,31.56,1.68,0.083,0.004,0.0,0.0,0.02,0.16,0.06,2.53
linrongbin16_way-to-algorithm,https://github.com/linrongbin16/way-to-algorithm,42.34,96.33,29.81,0.87,0.038,0.001,0.0,0.0,0.01,0.08,0.04,5.74
lemire_FastPFor,https://github.com/lemire/FastPFor,42.33,98.53,27.44,1.04,0.006,0.001,0.0,0.0,0.01,0.19,0.03,5.13
skovaka_UNCALLED,https://github.com/skovaka/UNCALLED,42.29,95.5,30.24,1.13,0.013,0.002,0.001,0.0,0.01,0.27,0.02,3.4
timhutton_opengl-canvas-wasm,https://github.com/timhutton/opengl-canvas-wasm,42.28,98.56,27.32,0.95,0.02,0.0,0.0,0.0,0.01,0.18,0.02,0.7
lizhenghn123_zl_threadpool,https://github.com/lizhenghn123/zl_threadpool,42.26,94.71,30.75,1.31,0.058,0.015,0.0,0.0,0.01,0.16,0.08,3.3
CastellanZhang_alphaFM,https://github.com/CastellanZhang/alphaFM,42.26,90.44,33.77,2.58,0.133,0.006,0.0,0.0,0.02,0.36,0.13,2.91
me-no-dev_ESPAsyncTCP,https://github.com/me-no-dev/ESPAsyncTCP,42.23,89.0,34.84,2.86,0.159,0.005,0.0,0.0,0.03,0.26,0.13,1.94
slederer_DASHEncoder,https://github.com/slederer/DASHEncoder,42.23,89.94,36.11,0.63,0.088,0.016,0.0,0.009,0.01,0.06,0.01,0.77
Lyoko-Jeremie_Pcap_DNSProxy,https://github.com/Lyoko-Jeremie/Pcap_DNSProxy,42.22,92.86,32.44,1.36,0.083,0.022,0.0,0.001,0.01,0.15,0.09,0.57
zouxiaohang_TinySTL,https://github.com/zouxiaohang/TinySTL,42.2,85.7,36.55,4.35,0.213,0.003,0.0,0.0,0.04,0.54,0.19,1.45
timeweb_ddosdetector,https://github.com/timeweb/ddosdetector,42.19,95.79,30.07,0.72,0.046,0.007,0.0,0.0,0.01,0.07,0.02,4.11
vipjeffreylee_QQrobot,https://github.com/vipjeffreylee/QQrobot,42.14,88.44,36.22,1.75,0.169,0.003,0.0,0.0,0.02,0.13,0.08,2.04
GSORF_Visual-GPS-SLAM,https://github.com/GSORF/Visual-GPS-SLAM,42.1,93.94,31.31,1.05,0.057,0.021,0.0,0.001,0.01,0.13,0.05,3.89
koide3_hdl_people_tracking,https://github.com/koide3/hdl_people_tracking,42.09,94.9,30.71,0.64,0.069,0.0,0.0,0.0,0.0,0.14,0.06,3.09
jiangzc_CuteTranslation,https://github.com/jiangzc/CuteTranslation,42.09,97.33,28.12,0.82,0.017,0.007,0.0,0.001,0.01,0.15,0.01,4.0
joshnishikawa_MIDIcontroller,https://github.com/joshnishikawa/MIDIcontroller,42.04,89.4,36.08,0.63,0.132,0.027,0.0,0.0,0.01,0.06,0.01,2.34
checkcheckzz_coding-questions,https://github.com/checkcheckzz/coding-questions,42.03,95.66,29.31,1.12,0.047,0.002,0.0,0.0,0.01,0.13,0.06,5.85
adamyaxley_Obfuscate,https://github.com/adamyaxley/Obfuscate,41.96,94.18,30.33,1.39,0.084,0.0,0.0,0.0,0.01,0.26,0.06,1.85
alphaonex86_Ultracopier,https://github.com/alphaonex86/Ultracopier,41.96,92.98,32.17,0.72,0.094,0.004,0.0,0.0,0.01,0.07,0.02,3.4
GameTechDev_MetricsGui,https://github.com/GameTechDev/MetricsGui,41.9,98.42,26.47,0.8,0.004,0.005,0.0,0.0,0.01,0.14,0.01,5.13
hku-mars_ikd-Tree,https://github.com/hku-mars/ikd-Tree,41.89,97.29,25.22,3.16,0.014,0.02,0.0,0.0,0.02,0.61,0.14,3.21
wh200720041_ssl_slam2,https://github.com/wh200720041/ssl_slam2,41.83,92.75,28.46,4.29,0.1,0.002,0.0,0.0,0.03,0.88,0.15,3.19
WasmVM_WasmVM,https://github.com/WasmVM/WasmVM,41.8,95.31,29.31,0.78,0.06,0.008,0.0,0.0,0.01,0.1,0.02,1.64
zeromq_zeromq4-1,https://github.com/zeromq/zeromq4-1,41.8,96.48,28.04,0.88,0.027,0.017,0.0,0.0,0.01,0.05,0.05,3.91
marooncn_learning_note,https://github.com/marooncn/learning_note,41.79,90.25,34.34,0.79,0.131,0.003,0.0,0.0,0.01,0.07,0.03,5.34
tongtzeho_PKUCourse,https://github.com/tongtzeho/PKUCourse,41.77,84.93,34.54,5.84,0.156,0.015,0.001,0.002,0.04,0.99,0.27,2.43
google_double-conversion,https://github.com/google/double-conversion,41.74,99.45,23.52,2.26,0.0,0.0,0.0,0.0,0.02,0.34,0.09,2.74
DFHack_stonesense,https://github.com/DFHack/stonesense,41.72,91.06,33.4,0.69,0.117,0.008,0.0,0.0,0.01,0.09,0.01,4.38
gasevi_pyreclab,https://github.com/gasevi/pyreclab,41.72,93.93,30.54,0.7,0.083,0.001,0.0,0.0,0.01,0.06,0.02,3.13
Gramps_GodotSteam,https://github.com/Gramps/GodotSteam,41.68,88.45,34.35,2.25,0.164,0.003,0.0,0.002,0.02,0.5,0.04,0.0
tensorflow_ngraph-bridge,https://github.com/tensorflow/ngraph-bridge,41.62,93.16,30.57,1.12,0.006,0.001,0.002,0.0,0.01,0.13,0.06,3.38
percona_PerconaFT,https://github.com/percona/PerconaFT,41.6,93.81,27.94,3.05,0.006,0.032,0.001,0.001,0.05,0.17,0.04,3.64
garyyu_WebRTC_VoiceEngine,https://github.com/garyyu/WebRTC_VoiceEngine,41.51,91.93,32.45,0.14,0.07,0.049,0.0,0.0,0.0,0.03,0.02,3.45
andrewwillmott_splines-lib,https://github.com/andrewwillmott/splines-lib,41.5,98.53,24.43,1.55,0.009,0.003,0.0,0.0,0.02,0.23,0.02,3.55
SimonKagstrom_emilpro,https://github.com/SimonKagstrom/emilpro,41.49,95.97,27.93,0.59,0.043,0.006,0.0,0.001,0.01,0.04,0.01,2.66
alex-berard_multivec,https://github.com/alex-berard/multivec,41.48,91.1,32.68,0.68,0.011,0.017,0.002,0.002,0.01,0.05,0.02,3.83
TonyChen56_HackerTools,https://github.com/TonyChen56/HackerTools,41.45,92.19,28.97,3.2,0.058,0.002,0.001,0.001,0.02,0.43,0.2,3.53
fbergama_pigfx,https://github.com/fbergama/pigfx,41.43,96.93,26.05,1.3,0.013,0.012,0.0,0.001,0.02,0.11,0.02,5.83
xiexiexx_Planet,https://github.com/xiexiexx/Planet,41.37,96.7,25.64,1.76,0.029,0.0,0.0,0.0,0.02,0.23,0.05,7.06
chokkan_crfsuite,https://github.com/chokkan/crfsuite,41.32,94.93,27.95,1.07,0.046,0.012,0.0,0.001,0.01,0.14,0.05,5.13
skorokithakis_A6lib,https://github.com/skorokithakis/A6lib,41.3,92.14,31.07,0.7,0.015,0.03,0.0,0.013,0.01,0.06,0.02,2.13
nvpro-samples_vk_order_independent_transparency,https://github.com/nvpro-samples/vk_order_independent_transparency,41.3,97.52,24.93,1.45,0.026,0.0,0.0,0.0,0.02,0.18,0.02,3.94
ankurhanda_SceneNetv1.0,https://github.com/ankurhanda/SceneNetv1.0,41.28,93.04,30.18,0.61,0.025,0.013,0.001,0.003,0.01,0.05,0.01,3.17
open-eid_chrome-token-signing,https://github.com/open-eid/chrome-token-signing,41.26,93.29,29.71,0.79,0.028,0.006,0.001,0.001,0.01,0.07,0.03,6.62
delfrrr_delaunator-cpp,https://github.com/delfrrr/delaunator-cpp,41.26,95.29,27.2,1.3,0.018,0.005,0.001,0.0,0.01,0.25,0.05,1.98
WebAssembly_wasm-c-api,https://github.com/WebAssembly/wasm-c-api,41.26,95.81,24.68,3.3,0.005,0.05,0.0,0.0,0.05,0.29,0.04,4.87
stefankueng_tools,https://github.com/stefankueng/tools,41.22,93.66,29.22,0.78,0.036,0.002,0.001,0.0,0.01,0.1,0.02,5.15
ValveSoftware_csgo-demoinfo,https://github.com/ValveSoftware/csgo-demoinfo,41.2,90.74,30.69,2.17,0.104,0.03,0.0,0.0,0.03,0.19,0.05,3.85
femto-dev_femto,https://github.com/femto-dev/femto,41.19,94.13,29.38,0.07,0.056,0.023,0.0,0.0,0.0,0.03,0.01,4.51
shines77_RingQueue,https://github.com/shines77/RingQueue,41.05,92.3,30.2,0.65,0.031,0.032,0.001,0.0,0.01,0.04,0.02,4.91
hwwang55_DKN,https://github.com/hwwang55/DKN,41.03,94.87,26.5,1.7,0.005,0.061,0.0,0.0,0.01,0.28,0.1,6.38
renshan_game,https://github.com/renshan/game,40.99,88.12,33.77,1.09,0.091,0.001,0.002,0.0,0.01,0.05,0.08,1.0
tlorach_OpenGLText,https://github.com/tlorach/OpenGLText,40.96,93.4,29.48,0.0,0.045,0.021,0.0,0.005,0.0,0.03,0.0,3.21
HoerTech-gGmbH_openMHA,https://github.com/HoerTech-gGmbH/openMHA,40.95,97.3,24.23,1.31,0.03,0.005,0.0,0.0,0.02,0.08,0.03,2.3
nickgildea_fast_dual_contouring,https://github.com/nickgildea/fast_dual_contouring,40.9,95.33,26.68,0.67,0.053,0.011,0.0,0.0,0.01,0.08,0.01,2.94
vegard_prog-fuzz,https://github.com/vegard/prog-fuzz,40.89,93.09,28.93,0.67,0.038,0.047,0.0,0.002,0.01,0.08,0.01,5.0
zeux_qgrep,https://github.com/zeux/qgrep,40.81,91.2,31.06,0.17,0.061,0.012,0.001,0.001,0.0,0.08,0.01,4.62
OpenGenus_quark,https://github.com/OpenGenus/quark,40.75,89.51,29.91,2.81,0.072,0.028,0.001,0.001,0.03,0.4,0.08,4.85
bsdnoobz_opencv-code,https://github.com/bsdnoobz/opencv-code,40.57,94.86,25.91,0.94,0.058,0.0,0.0,0.0,0.01,0.08,0.05,6.87
portumo_chinese-bankCard-idcard-recognition,https://github.com/portumo/chinese-bankCard-idcard-recognition,40.56,89.58,31.78,0.31,0.131,0.01,0.0,0.002,0.0,0.08,0.03,3.06
csquared_arduino-restclient,https://github.com/csquared/arduino-restclient,40.54,87.88,33.4,0.34,0.162,0.02,0.0,0.0,0.0,0.06,0.04,2.23
ThomasHabets_simple-tpm-pk11,https://github.com/ThomasHabets/simple-tpm-pk11,40.53,89.37,31.55,0.67,0.005,0.012,0.003,0.001,0.01,0.08,0.01,3.36
ANSSI-FR_ORADAD,https://github.com/ANSSI-FR/ORADAD,40.51,96.87,23.87,0.78,0.004,0.01,0.0,0.002,0.01,0.1,0.02,7.81
leios_simuleios,https://github.com/leios/simuleios,40.47,93.07,27.59,0.74,0.093,0.001,0.0,0.0,0.01,0.08,0.02,4.15
ggerganov_imgui-ws,https://github.com/ggerganov/imgui-ws,40.4,95.69,24.39,1.12,0.01,0.035,0.0,0.0,0.01,0.23,0.03,8.19
gabraham_flashpca,https://github.com/gabraham/flashpca,40.32,93.96,26.91,0.09,0.076,0.002,0.0,0.0,0.0,0.04,0.01,4.96
clearly-broken-software_ninjas2,https://github.com/clearly-broken-software/ninjas2,40.3,92.86,27.35,0.69,0.081,0.012,0.0,0.0,0.01,0.09,0.01,5.91
hvfrancesco_lpmt,https://github.com/hvfrancesco/lpmt,40.22,94.29,25.79,0.59,0.068,0.0,0.0,0.0,0.01,0.04,0.01,6.49
facebookarchive_phpembed,https://github.com/facebookarchive/phpembed,40.17,88.82,31.13,0.57,0.112,0.052,0.0,0.0,0.01,0.03,0.01,4.51
gdbinit_EFISwissKnife,https://github.com/gdbinit/EFISwissKnife,40.07,97.33,22.15,0.72,0.023,0.001,0.0,0.0,0.01,0.07,0.02,5.57
nicolov_simple_slam_loop_closure,https://github.com/nicolov/simple_slam_loop_closure,40.03,95.61,24.36,0.13,0.03,0.017,0.0,0.0,0.0,0.06,0.01,7.32
songrun_SeamAwareDecimater,https://github.com/songrun/SeamAwareDecimater,39.98,94.66,24.16,1.12,0.057,0.0,0.0,0.0,0.01,0.23,0.03,8.21
fahickman_r128,https://github.com/fahickman/r128,39.89,98.83,20.24,0.6,0.008,0.005,0.0,0.001,0.01,0.08,0.0,0.0
scheckmedia_CameraControllerApi,https://github.com/scheckmedia/CameraControllerApi,39.87,87.77,31.25,0.59,0.153,0.012,0.0,0.002,0.01,0.04,0.01,4.34
HiFi-LoFi_AudioFFT,https://github.com/HiFi-LoFi/AudioFFT,39.87,98.58,20.96,0.07,0.002,0.01,0.0,0.0,0.0,0.03,0.01,3.55
telehash_telehash-c,https://github.com/telehash/telehash-c,39.79,91.95,26.84,0.59,0.091,0.022,0.0,0.0,0.01,0.04,0.01,4.34
kantuni_Codeforces,https://github.com/kantuni/Codeforces,39.78,94.24,24.89,0.2,0.06,0.0,0.0,0.0,0.0,0.06,0.02,9.3
latonita_arduino-canbus-monitor,https://github.com/latonita/arduino-canbus-monitor,39.72,91.25,26.6,1.31,0.019,0.001,0.002,0.001,0.02,0.08,0.03,6.91
osxmidi_LinVst,https://github.com/osxmidi/LinVst,39.58,88.53,29.04,1.18,0.016,0.011,0.002,0.009,0.01,0.29,0.02,4.04
sastava007_Tech-Interview-Preparation,https://github.com/sastava007/Tech-Interview-Preparation,39.52,88.93,26.9,2.73,0.141,0.008,0.0,0.0,0.02,0.5,0.11,7.28
BBuf_Image-processing-algorithm-Speed,https://github.com/BBuf/Image-processing-algorithm-Speed,39.4,92.95,24.1,1.16,0.072,0.022,0.0,0.0,0.01,0.15,0.06,5.49
GPUOpen-ProfessionalCompute-Libraries_amdovx-core,https://github.com/GPUOpen-ProfessionalCompute-Libraries/amdovx-core,39.33,92.22,24.55,1.22,0.055,0.014,0.0,0.006,0.02,0.07,0.02,6.06
Erik-JS_masseffect-binkw32,https://github.com/Erik-JS/masseffect-binkw32,39.21,84.4,32.62,0.61,0.1,0.001,0.003,0.001,0.01,0.05,0.01,0.57
nvpro-samples_gl_ssao,https://github.com/nvpro-samples/gl_ssao,39.17,96.62,20.18,0.71,0.03,0.0,0.0,0.001,0.01,0.1,0.01,5.36
miao1007_Openwrt-NetKeeper,https://github.com/miao1007/Openwrt-NetKeeper,38.81,86.81,27.68,1.96,0.015,0.048,0.001,0.016,0.01,0.37,0.11,3.85
TonyChen56_ShellCodeFrame,https://github.com/TonyChen56/ShellCodeFrame,38.69,82.33,31.99,1.75,0.254,0.01,0.0,0.0,0.01,0.24,0.12,2.98
MJPA_SimpleJSON,https://github.com/MJPA/SimpleJSON,38.51,90.94,24.43,0.16,0.067,0.002,0.001,0.0,0.0,0.04,0.02,8.68
yanii_kitti-pcl,https://github.com/yanii/kitti-pcl,38.47,92.69,22.4,0.31,0.076,0.01,0.0,0.0,0.0,0.08,0.03,8.98
Wunkolo_qreverse,https://github.com/Wunkolo/qreverse,38.43,94.95,20.27,0.06,0.049,0.0,0.0,0.0,0.0,0.06,0.0,9.32
callmePicacho_Data-Structres,https://github.com/callmePicacho/Data-Structres,38.43,77.05,30.28,7.97,0.308,0.034,0.0,0.0,0.04,1.68,0.37,4.94
Phildo_expandpass,https://github.com/Phildo/expandpass,38.32,84.36,29.85,0.75,0.198,0.043,0.0,0.0,0.01,0.12,0.01,1.49
rpetrich_ldid,https://github.com/rpetrich/ldid,38.28,91.66,22.45,0.74,0.013,0.03,0.001,0.003,0.01,0.08,0.02,9.06
prclibo_kitti_eval,https://github.com/prclibo/kitti_eval,38.27,81.15,33.45,0.2,0.118,0.054,0.0,0.021,0.0,0.06,0.02,2.13
lilydjwg_swapview-rosetta,https://github.com/lilydjwg/swapview-rosetta,38.07,84.92,28.2,1.1,0.158,0.032,0.0,0.005,0.01,0.19,0.04,5.77
luguanxing_Cheating-Plugin-Program,https://github.com/luguanxing/Cheating-Plugin-Program,37.83,82.69,28.13,2.67,0.206,0.007,0.001,0.0,0.02,0.47,0.11,3.34
ZJULearning_efanna,https://github.com/ZJULearning/efanna,37.78,83.01,29.43,0.89,0.231,0.02,0.0,0.0,0.01,0.12,0.03,4.17
XingangPan_seg_label_generate,https://github.com/XingangPan/seg_label_generate,37.78,86.46,26.64,0.24,0.12,0.022,0.001,0.001,0.0,0.08,0.02,6.28
drNoob13_fisheyeStitcher,https://github.com/drNoob13/fisheyeStitcher,37.55,95.66,16.14,0.85,0.019,0.003,0.0,0.0,0.01,0.1,0.03,14.68
lihangleo2_RichEditTextCopyToutiao,https://github.com/lihangleo2/RichEditTextCopyToutiao,37.4,95.45,13.89,2.87,0.007,0.013,0.0,0.001,0.01,0.74,0.13,14.89
venshine_AppUninstall,https://github.com/venshine/AppUninstall,37.2,90.05,20.34,1.21,0.01,0.081,0.0,0.007,0.01,0.24,0.04,10.34
vivekanand44_codes-Youtube-videos,https://github.com/vivekanand44/codes-Youtube-videos,37.12,85.85,23.65,1.87,0.1,0.103,0.0,0.0,0.02,0.12,0.1,8.53
leverich_mutilate,https://github.com/leverich/mutilate,37.05,74.38,36.64,0.14,0.023,0.028,0.007,0.006,0.0,0.03,0.02,1.64
0x727_CloneX_0x727,https://github.com/0x727/CloneX_0x727,36.68,78.26,28.5,3.29,0.082,0.089,0.003,0.005,0.01,0.94,0.13,4.4
thunlp_NRE,https://github.com/thunlp/NRE,36.33,85.09,20.07,3.84,0.045,0.069,0.0,0.014,0.04,0.39,0.16,14.53
moderngpu_moderngpu,https://github.com/moderngpu/moderngpu,36.14,86.28,18.83,3.31,0.049,0.116,0.0,0.0,0.04,0.4,0.08,19.15
etormadiv_HostingCLR,https://github.com/etormadiv/HostingCLR,26.92,71.68,8.87,0.22,0.108,0.273,0.0,0.0,0.0,0.07,0.02,27.66
yanncam_exe2powershell,https://github.com/yanncam/exe2powershell,24.55,51.86,21.59,0.2,0.097,0.346,0.0,0.055,0.0,0.06,0.02,9.21
rigtorp_udpreplay,https://github.com/rigtorp/udpreplay,23.02,68.31,0.02,0.74,0.004,0.0,0.004,0.0,0.01,0.08,0.02,100.0
